{"distinct_id":"019f18e9-7e75-77c6-bc04-72f85fd03395","event":"depthai_rvc2_device_usage","properties":{"$lib":"depthai-core","$lib_version":"3.7.1","$process_person_profile":false,"$session_id":"019f18e9-6f37-704b-b0c0-f3292057145a","chip_temperature":{"average":43.49740219116211,"css":45.32162094116211,"dss":42.354095458984375,"mss":43.042457580566406,"upa":43.27143478393555},"cmx_memory_usage":{"remaining":486400,"total":2621440,"used":2135040},"ddr_memory_usage":{"remaining":349019135,"total":349150207,"used":131072},"device_id":"019f18e9-7e50-7f0e-8e69-8a4475021264","leon_css_cpu_usage":{"average":0.1009100079536438,"ms_time":2000},"leon_css_memory_usage":{"remaining":75727736,"total":83613304,"used":7885568},"leon_mss_cpu_usage":{"average":0.011689960956573486,"ms_time":2000},"leon_mss_memory_usage":{"remaining":36632192,"total":39669624,"used":3037432},"source_component":"depthai-core","source_product":"depthai"},"timestamp":"2026-06-30T14:23:03.285Z","uuid":"bd2f3ee6-52bc-4add-9d5d-eef1f237e35b"}